6-я Бастионная;92000000000000400;Street;Улица
Ерошенко;92000000000000500;Street;Улица
Инкерманская;92000000000000600;Street;Улица
Адмирала Азарова;92000000000000700;Street;Улица
Алуштинская;92000000000000900;Street;Улица
Археологическая;92000000000001000;Street;Улица
Балканская;92000000000001200;Street;Улица
Башенная;92000000000001300;Street;Улица
Бородинская;92000000000001400;Street;Улица
Будищева;92000000000001600;Street;Улица
3-я Бастионная;92000000000001700;Street;Улица
7 Ноября;92000000000001900;Street;Улица
Ефремова;92000000000002000;Street;Улица
Весенняя;92000000000002100;Street;Улица
Истомина;92000000000002200;Street;Улица
Волжская;92000000000002300;Street;Улица
Адмирала Владимирского;92000000000002400;Street;Улица
Воронина;92000000000002500;Street;Улица
Айвазовского;92000000000002600;Street;Улица
Гавена;92000000000002700;Street;Улица
Амурская;92000000000002800;Street;Улица
Арцеулова;92000000000002900;Street;Улица
Генерала Коломийца;92000000000003000;Street;Улица
Белинского;92000000000003100;Street;Улица
Балтийская;92000000000003300;Street;Улица
Глухова;92000000000003400;Street;Улица
Бестужева;92000000000003500;Street;Улица
Босфорская;92000000000003700;Street;Улица
Громова;92000000000003800;Street;Улица
Дачная;92000000000004000;Street;Улица
Димитрова;92000000000004100;Street;Улица
Вакуленчука;92000000000004200;Street;Улица
Драгунская;92000000000004300;Street;Улица
Выгонная;92000000000004400;Street;Улица
Элеваторная;92000000000004500;Street;Улица
Волынская;92000000000004600;Street;Улица
Загородная;92000000000004700;Street;Улица
Воронежская;92000000000004800;Street;Улица
Связистов;92000000000004900;Street;Улица
Кирова;92000000000005000;Street;Улица
Каменистая;92000000000005200;Street;Улица
Генерала Крейзера;92000000000005300;Street;Улица
Генуэзская;92000000000005400;Street;Улица
Кожанова;92000000000005800;Street;Улица
Готская;92000000000005900;Street;Улица
Кондукторская;92000000000006000;Street;Улица
Грошева;92000000000006100;Street;Улица
Даши Севастопольской;92000000000006300;Street;Улица
Кочнева;92000000000006400;Street;Улица
Драпушко;92000000000006600;Street;Улица
Краснодонцев;92000000000006700;Street;Улица
Эскадренная;92000000000006800;Street;Улица
Крутая;92000000000006900;Street;Улица
Загородная Балка;92000000000007000;Street;Улица
Согласия;92000000000007100;Street;Улица
Курская;92000000000007200;Street;Улица
Линкорная;92000000000007300;Street;Улица
Киянченко;92000000000007500;Street;Улица
Луначарского;92000000000007700;Street;Улица
Бригадная;92000000000007800;Street;Улица
Малярная;92000000000008000;Street;Улица
Керченская;92000000000008100;Street;Улица
Казачья бухта;92000000000008200;Street;Улица
Комарская;92000000000008500;Street;Улица
Корабельная;92000000000008600;Street;Улица
Кочубея;92000000000008900;Street;Улица
Модлинская;92000000000009000;Street;Улица
Красноперекопская;92000000000009100;Street;Улица
Морской Пехоты;92000000000009200;Street;Улица
Кряжева;92000000000009400;Street;Улица
Лесная;92000000000125200;Street;Улица
Новикова-Прибоя;92000000000009800;Street;Улица
Оздоровительная;92000000000010000;Street;Улица
Литовская;92000000000010100;Street;Улица
Оранжерейная;92000000000010200;Street;Улица
Пьянзина;92000000000010400;Street;Улица
Мичурина;92000000000010500;Street;Улица
Мате Залки;92000000000010800;Street;Улица
Маяковского;92000000000010900;Street;Улица
Перекопская;92000000000011100;Street;Улица
Мокроусова;92000000000011300;Street;Улица
Прутовцев;92000000000011400;Street;Улица
Полынная;92000000000011500;Street;Улица
Московская;92000000000011600;Street;Улица
Портовая;92000000000011700;Street;Улица
Приморская;92000000000011900;Street;Улица
Профсоюзная;92000000000012000;Street;Улица
Невская;92000000000012100;Street;Улица
Наваринская;92000000000012200;Street;Улица
2-я Бастионная;92000000000012400;Street;Улица
Рыбаков;92000000000012500;Street;Улица
Океанская;92000000000012600;Street;Улица
5 Декабря;92000000000012700;Street;Улица
Орловская;92000000000012800;Street;Улица
Елецкая;92000000000012900;Street;Улица
Южная;92000000000013000;Street;Улица
Инженерная;92000000000013200;Street;Улица
Рябова;92000000000013400;Street;Улица
Партизанская;92000000000013500;Street;Улица
Авдеева;92000000000013600;Street;Улица
Седова;92000000000013700;Street;Улица
Ереванская;92000000000013900;Street;Улица
Адмирала Фадеева;92000000000014100;Street;Улица
Алексакиса;92000000000014200;Street;Улица
Пляжная;92000000000014300;Street;Улица
Сафронова;92000000000014400;Street;Улица
Инженерная Балка;92000000000014500;Street;Улица
Сенявина;92000000000014600;Street;Улица
Пологая;92000000000014700;Street;Улица
Арсенальная;92000000000014800;Street;Улица
Агатовая;92000000000014900;Street;Улица
Белостокская;92000000000015200;Street;Улица
Адмирала Юмашева;92000000000015300;Street;Улица
Балаклавская;92000000000015500;Street;Улица
Радищева;92000000000015600;Street;Улица
Баумана;92000000000015700;Street;Улица
Силантьева;92000000000015800;Street;Улица
Рыбальченко;92000000000016000;Street;Улица
Сосновая;92000000000016300;Street;Улица
Романова;92000000000016400;Street;Улица
Брянская;92000000000016500;Street;Улица
Артиллеристов;92000000000016700;Street;Улица
Степаняна;92000000000016800;Street;Улица
Витебская;92000000000016900;Street;Улица
Сеченова;92000000000017000;Street;Улица
Большая Морская;92000000000017500;Street;Улица
Рассветная;92000000000017600;Street;Улица
Бахчисарайская;92000000000017700;Street;Улица
Тельмана;92000000000017900;Street;Улица
Борисова;92000000000018000;Street;Улица
Серафимовича;92000000000018100;Street;Улица
Торговая;92000000000018200;Street;Улица
Волочаевская;92000000000018300;Street;Улица
Гидрографическая;92000000000018500;Street;Улица
Строительная;92000000000018600;Street;Улица
Физкультурная;92000000000018700;Street;Улица
Синопская;92000000000018800;Street;Улица
Веерная;92000000000018900;Street;Улица
Флотская;92000000000019000;Street;Улица
Слесарная;92000000000019100;Street;Улица
Генерала Лебедя;92000000000019200;Street;Улица
Хабаровская;92000000000019300;Street;Улица
Хрущева;92000000000019600;Street;Улица
Волгоградская;92000000000019800;Street;Улица
Воровского;92000000000020000;Street;Улица
Суворова;92000000000020100;Street;Улица
Частника;92000000000020200;Street;Улица
Тенистая;92000000000020400;Street;Улица
Чернышевского;92000000000020500;Street;Улица
Террасная;92000000000020600;Street;Улица
Генерала Жидилова;92000000000020700;Street;Улица
Горпищенко;92000000000020800;Street;Улица
Гренадерская;92000000000021000;Street;Улица
Генерала Хрюкина;92000000000021100;Street;Улица
Шабалина;92000000000021200;Street;Улица
Герцена;92000000000021300;Street;Улица
Тургенева;92000000000021400;Street;Улица
Дальняя;92000000000021500;Street;Улица
Шмидта;92000000000021600;Street;Улица
Горького;92000000000021800;Street;Улица
Джанкойская;92000000000021900;Street;Улица
Грибоедова;92000000000022000;Street;Улица
Флюсовая;92000000000022100;Street;Улица
Доронина;92000000000022200;Street;Улица
Дарданельская;92000000000022400;Street;Улица
Халтурина;92000000000022500;Street;Улица
Дунайская;92000000000022600;Street;Улица
Овражная;92000000000022700;Street;Улица
Циолковского;92000000000022800;Street;Улица
Дзержинского;92000000000022900;Street;Улица
Октябрьская;92000000000023100;Street;Улица
Челнокова;92000000000023200;Street;Улица
Запорожская;92000000000023500;Street;Улица
Дундича;92000000000023600;Street;Улица
Черцова;92000000000023900;Street;Улица
Калича;92000000000024100;Street;Улица
Сарматская;92000000000024200;Street;Улица
Шелковичная;92000000000024400;Street;Улица
Западная;92000000000024600;Street;Улица
Щербака;92000000000024800;Street;Улица
Цветочная;92000000000024900;Street;Улица
Килевая;92000000000025000;Street;Улица
Якорная;92000000000025100;Street;Улица
Кузнечная;92000000000025200;Street;Улица
Калюжного;92000000000025300;Street;Улица
Ярославская;92000000000025500;Street;Улица
Вокзальная;92000000000025700;Street;Улица
Каспийская;92000000000025800;Street;Улица
Коммунаров;92000000000025900;Street;Улица
Короленко;92000000000026000;Street;Улица
Квартальная;92000000000026100;Street;Улица
Килен-Балка;92000000000026300;Street;Улица
Комбрига Потапова;92000000000026400;Street;Улица
Котовского;92000000000026500;Street;Улица
Ковпака;92000000000026600;Street;Улица
Краснодарская;92000000000026800;Street;Улица
Корсунская;92000000000027100;Street;Улица
Курганная;92000000000027200;Street;Улица
Коцюбинского;92000000000027300;Street;Улица
Лизы Чайкиной;92000000000027500;Street;Улица
Крупской;92000000000027700;Street;Улица
Курортная;92000000000027800;Street;Улица
Минная;92000000000028100;Street;Улица
Лазурная;92000000000028200;Street;Улица
Литейная;92000000000028300;Street;Улица
Маршала Геловани;92000000000028500;Street;Улица
Минская;92000000000028600;Street;Улица
Малышкина;92000000000028700;Street;Улица
Матюшенко;92000000000028800;Street;Улица
Маршала Крылова;92000000000028900;Street;Улица
Мачтовая;92000000000029000;Street;Улица
Меньшикова;92000000000029100;Street;Улица
Мечникова;92000000000029300;Street;Улица
Михайловская;92000000000029400;Street;Улица
9 Января;92000000000029500;Street;Улица
Могилевская;92000000000029600;Street;Улица
Морпортовская;92000000000029800;Street;Улица
Муссонная;92000000000030000;Street;Улица
Нежинская;92000000000030100;Street;Улица
Абрикосовая;92000000000030300;Street;Улица
Адмирала Клокачева;92000000000030400;Street;Улица
Народных Ополченцев;92000000000030500;Street;Улица
Новикова;92000000000030600;Street;Улица
Акмолинская;92000000000030700;Street;Улица
Одесская;92000000000031000;Street;Улица
Одинцова;92000000000031100;Street;Улица
Астраханская;92000000000031400;Street;Улица
Камышовая;92000000000031500;Street;Улица
Бакинская;92000000000031600;Street;Улица
40 лет Октября;92000000000031700;Street;Улица
Песчаная;92000000000031800;Street;Улица
Александера;92000000000031900;Street;Улица
Барнаульская;92000000000032000;Street;Улица
9 Мая;92000000000032100;Street;Улица
Ивана Франко;92000000000032300;Street;Улица
Паши Ангелиной;92000000000032500;Street;Улица
Очаковцев;92000000000032600;Street;Улица
Братьев Микрюковых;92000000000032800;Street;Улица
Пехотная;92000000000033000;Street;Улица
Адмирала Макарова;92000000000033200;Street;Улица
Папанина;92000000000033300;Street;Улица
Пожарова;92000000000033400;Street;Улица
Аксютина;92000000000033600;Street;Улица
Попова;92000000000033700;Street;Улица
Антоненко;92000000000033800;Street;Улица
Пограничная;92000000000034000;Street;Улица
Промышленная;92000000000034100;Street;Улица
Рейдовая;92000000000034600;Street;Улица
Угольная;92000000000034700;Street;Улица
Пластунская;92000000000034900;Street;Улица
Раздольная;92000000000035000;Street;Улица
Севская;92000000000035400;Street;Улица
Подольцева;92000000000035500;Street;Улица
Братская;92000000000035600;Street;Улица
Сапфирная;92000000000035700;Street;Улица
Бутырская;92000000000035800;Street;Улица
Понтонная;92000000000035900;Street;Улица
Семипалатинская;92000000000036000;Street;Улица
Пригородная;92000000000036100;Street;Улица
Василия Шукшина;92000000000036200;Street;Улица
Сивашская;92000000000036300;Street;Улица
Лучистая;92000000000036400;Street;Улица
Водная;92000000000036500;Street;Улица
Володарского;92000000000036700;Street;Улица
Репина;92000000000036800;Street;Улица
Солнечная;92000000000037000;Street;Улица
Углицкая;92000000000037100;Street;Улица
Степаненко;92000000000037300;Street;Улица
Годлевского;92000000000037600;Street;Улица
Восточная;92000000000037700;Street;Улица
Ревякина;92000000000037800;Street;Улица
Гражданская;92000000000037900;Street;Улица
Генерала Петрова;92000000000038000;Street;Улица
Гумилёва;92000000000038100;Street;Улица
Тарутинская;92000000000038200;Street;Улица
Разъездная;92000000000038300;Street;Улица
Руднева;92000000000038500;Street;Улица
Гончарная;92000000000038600;Street;Улица
Синютина;92000000000038700;Street;Улица
Томская;92000000000038800;Street;Улица
Днепровская;92000000000038900;Street;Улица
Гранатная;92000000000039000;Street;Улица
Древняя;92000000000039100;Street;Улица
Сапунская;92000000000039200;Street;Улица
Гусева;92000000000039400;Street;Улица
Железнякова;92000000000039600;Street;Улица
Селенгинская;92000000000039700;Street;Улица
1-я Бастионная;92000000000039800;Street;Улица
Делегатская;92000000000040000;Street;Улица
Сибирская;92000000000040100;Street;Улица
Флагманская;92000000000040200;Street;Улица
4-я Бастионная;92000000000040300;Street;Улица
Добролюбова;92000000000040400;Street;Улица
Дроздова;92000000000040500;Street;Улица
8 Марта;92000000000040700;Street;Улица
Соловьева;92000000000040800;Street;Улица
Стахановцев;92000000000041100;Street;Улица
Кавказская;92000000000041200;Street;Улица
Закамчатская;92000000000041300;Street;Улица
Стрелковая;92000000000041400;Street;Улица
Сухумская;92000000000041700;Street;Улица
Каховская;92000000000042000;Street;Улица
Казанская;92000000000042300;Street;Улица
Академика Крылова;92000000000042400;Street;Улица
Танкистов;92000000000042500;Street;Улица
Карагандинская;92000000000042600;Street;Улица
Чапаева;92000000000042700;Street;Улица
Черниговская;92000000000043200;Street;Улица
Тульская;92000000000043300;Street;Улица
Клубная;92000000000043600;Street;Улица
Урицкого;92000000000043700;Street;Улица
Костромская;92000000000043800;Street;Улица
Чернореченская;92000000000044000;Street;Улица
Феодосийская;92000000000044200;Street;Улица
Багрия;92000000000044300;Street;Улица
Баркасная;92000000000044600;Street;Улица
Фурманова;92000000000044700;Street;Улица
Штурманская;92000000000044800;Street;Улица
Кудюрова;92000000000044900;Street;Улица
Комсомольская;92000000000045000;Street;Улица
Благодатная;92000000000045200;Street;Улица
Кустанайская;92000000000045500;Street;Улица
Боцманская;92000000000045600;Street;Улица
Коробкова;92000000000045700;Street;Улица
Летняя;92000000000045900;Street;Улица
Чакряна;92000000000046000;Street;Улица
Сиреневая;92000000000046100;Street;Улица
Лагерная;92000000000046300;Street;Улица
Краснознаменная;92000000000046400;Street;Улица
Крайняя;92000000000046500;Street;Улица
Варшавская;92000000000046600;Street;Улица
Старосеверная Балка;92000000000046700;Street;Улица
Виноградная;92000000000046800;Street;Улица
Ленина;92000000000046900;Street;Улица
Нефтяная;92000000000047000;Street;Улица
Черноморская;92000000000047100;Street;Улица
Лодочная;92000000000047200;Street;Улица
Вологодская;92000000000047300;Street;Улица
Военных Строителей;92000000000047500;Street;Улица
Крестовского;92000000000047700;Street;Улица
Урожайная;92000000000047800;Street;Улица
Штурмана Батурина;92000000000047900;Street;Улица
Мастерская;92000000000048100;Street;Улица
Гайдара;92000000000048200;Street;Улица
Мраморная;92000000000048300;Street;Улица
Кулакова;92000000000048400;Street;Улица
Ялтинская;92000000000048900;Street;Улица
Мелитопольская;92000000000049000;Street;Улица
Ладожская;92000000000049100;Street;Улица
Героев Бреста;92000000000049300;Street;Улица
Мирная;92000000000049400;Street;Улица
Ленинградская;92000000000049500;Street;Улица
Молодогвардейцев;92000000000049700;Street;Улица
Ломоносова;92000000000049800;Street;Улица
Гоголя;92000000000049900;Street;Улица
Илистая;92000000000050000;Street;Улица
Международная;92000000000050100;Street;Улица
Надеждинцев;92000000000050300;Street;Улица
Макаренко;92000000000050500;Street;Улица
Неглинная;92000000000050600;Street;Улица
Грушевая;92000000000050700;Street;Улица
Марсовая;92000000000050800;Street;Улица
Новосёлов;92000000000050900;Street;Улица
Менделеева;92000000000051300;Street;Улица
Окружная;92000000000051400;Street;Улица
Мира;92000000000051500;Street;Улица
Декабристов;92000000000051600;Street;Улица
Молокова;92000000000051800;Street;Улица
Подводников;92000000000051900;Street;Улица
Панаса Мирного;92000000000052100;Street;Улица
Драчука;92000000000052200;Street;Улица
Муромская;92000000000052300;Street;Улица
Эстонская;92000000000052400;Street;Улица
Назукина;92000000000052600;Street;Улица
Загороднянского;92000000000052800;Street;Улица
Полтавская;92000000000052900;Street;Улица
Некрасова;92000000000053100;Street;Улица
Кавалерийская;92000000000053200;Street;Улица
Правды;92000000000053300;Street;Улица
Причальная;92000000000053400;Street;Улица
Капитанская;92000000000053500;Street;Улица
Олимпийская;92000000000053600;Street;Улица
Прямая;92000000000053700;Street;Улица
Катерная;92000000000053900;Street;Улица
Охотская;92000000000054000;Street;Улица
Рыбацкий Причал;92000000000054100;Street;Улица
Подлесная;92000000000054200;Street;Улица
Российская;92000000000054300;Street;Улица
Киевская;92000000000054400;Street;Улица
Кокчетавская;92000000000054700;Street;Улица
Пархоменко;92000000000054800;Street;Улица
Комдива Ласкина;92000000000054900;Street;Улица
Свердлова;92000000000055100;Street;Улица
Сергеева-Ценского;92000000000055300;Street;Улица
Коралловая;92000000000055400;Street;Улица
Костомаровская;92000000000055500;Street;Улица
Скалистая;92000000000055600;Street;Улица
Клубничная;92000000000055700;Street;Улица
Смоленская;92000000000055900;Street;Улица
Красносельского;92000000000056100;Street;Улица
Спартаковская;92000000000056200;Street;Улица
Продольная;92000000000056300;Street;Улица
Кубанская;92000000000056400;Street;Улица
Стрелецкая;92000000000056500;Street;Улица
Суздальская;92000000000056600;Street;Улица
Курчатова;92000000000056800;Street;Улица
Тайфунная;92000000000056900;Street;Улица
Ракетная;92000000000057000;Street;Улица
Лесоводов;92000000000057100;Street;Улица
Терлецкого;92000000000057300;Street;Улица
Леваневского;92000000000057400;Street;Улица
Лобанова;92000000000057500;Street;Улица
Уланская;92000000000057600;Street;Улица
Симферопольская;92000000000057800;Street;Улица
Мазуренко;92000000000057900;Street;Улица
Марата;92000000000058000;Street;Улица
Матроса Кошки;92000000000058200;Street;Улица
Сейнерская;92000000000058300;Street;Улица
Маячная;92000000000058600;Street;Улица
Снайперская;92000000000059000;Street;Улица
Харьковская;92000000000059100;Street;Улица
Цибулько;92000000000059300;Street;Улица
Молодых Строителей;92000000000059400;Street;Улица
Челябинская;92000000000059600;Street;Улица
Земляничная;92000000000059700;Street;Улица
Таманская;92000000000059800;Street;Улица
Токарева;92000000000060100;Street;Улица
Шостака;92000000000060200;Street;Улица
Щорса;92000000000060300;Street;Улица
Новороссийская;92000000000060400;Street;Улица
Якутская;92000000000060500;Street;Улица
Окопная;92000000000060600;Street;Улица
Яхонтовая;92000000000060700;Street;Улица
Оружейная;92000000000060900;Street;Улица
Северная;92000000000061200;Street;Улица
Волнистая;92000000000061300;Street;Улица
Историческая;92000000000061600;Street;Улица
Цыганкова;92000000000061700;Street;Улица
Тендровская;92000000000061800;Street;Улица
Лиговская;92000000000062000;Street;Улица
Чехова;92000000000062100;Street;Улица
Переяславская;92000000000062200;Street;Улица
Восставших;92000000000062400;Street;Улица
Штилевая;92000000000062500;Street;Улица
Юдина;92000000000062600;Street;Улица
Полоцкая;92000000000062700;Street;Улица
Еловая;92000000000062800;Street;Улица
Почтовая;92000000000062900;Street;Улица
Каманина;92000000000063000;Street;Улица
Приморской Армии;92000000000063100;Street;Улица
Прохладная;92000000000063300;Street;Улица
Советская;92000000000063500;Street;Улица
Ясная;92000000000063600;Street;Улица
Рыбацкая;92000000000063700;Street;Улица
Эпроновская;92000000000063800;Street;Улица
Романтиков;92000000000063900;Street;Улица
Сельская;92000000000064100;Street;Улица
Салтыкова-Щедрина;92000000000064200;Street;Улица
Светлая;92000000000064300;Street;Улица
Скальная;92000000000064500;Street;Улица
Изумрудная;92000000000064600;Street;Улица
Сладкова;92000000000064700;Street;Улица
Судакская;92000000000064900;Street;Улица
Терещенко;92000000000065000;Street;Улица
Украинская;92000000000065200;Street;Улица
Фильченкова;92000000000065300;Street;Улица
Фонтанная;92000000000065400;Street;Улица
Харченко;92000000000065500;Street;Улица
Кирпичная;92000000000065600;Street;Улица
Челюскинцев;92000000000065700;Street;Улица
Чесменская;92000000000065800;Street;Улица
Шварца;92000000000065900;Street;Улица
Щитовая;92000000000066000;Street;Улица
5-я Бастионная;92000000000066900;Street;Улица
Егерская;92000000000067000;Street;Улица
Индустриальная;92000000000067100;Street;Улица
Авиационная;92000000000067200;Street;Улица
Адмирала Октябрьского;92000000000067300;Street;Улица
Актюбинская;92000000000067400;Street;Улица
Бакуниной;92000000000067700;Street;Улица
Батумская;92000000000067800;Street;Улица
Богданова;92000000000067900;Street;Улица
Брестская;92000000000068000;Street;Улица
Ольховая;92000000000068100;Street;Улица
Ватутина;92000000000068200;Street;Улица
Владимирская;92000000000068400;Street;Улица
Гвардейская;92000000000068600;Street;Улица
Генерала Родионова;92000000000068700;Street;Улица
Героев Севастополя;92000000000068800;Street;Улица
Ореховая;92000000000068900;Street;Улица
Плотинная;92000000000069000;Street;Улица
Гусарская;92000000000069100;Street;Улица
Демидова;92000000000069200;Street;Улица
Донская;92000000000069300;Street;Улица
Дубравная;92000000000069400;Street;Улица
Железнодорожная;92000000000069600;Street;Улица
Казарского;92000000000069800;Street;Улица
Карантинная;92000000000069900;Street;Улица
Каштановая;92000000000070000;Street;Улица
Колобова;92000000000070200;Street;Улица
Коммунистическая;92000000000070300;Street;Улица
Котляревского;92000000000070500;Street;Улица
Красивая;92000000000070600;Street;Улица
Крымская;92000000000070700;Street;Улица
Куликово Поле;92000000000070800;Street;Улица
Лазаревская;92000000000071000;Street;Улица
Лермонтова;92000000000071100;Street;Улица
Лоцманская;92000000000071200;Street;Улица
Междурядная;92000000000071300;Street;Улица
Маковая;92000000000071400;Street;Улица
Маршала Бирюзова;92000000000071500;Street;Улица
Мореходная;92000000000071800;Street;Улица
Мускатная;92000000000071900;Street;Улица
Народная;92000000000072000;Street;Улица
Оборонная;92000000000072200;Street;Улица
Ахтырская;92000000000072400;Street;Улица
Пионерская;92000000000072500;Street;Улица
Паршина;92000000000072700;Street;Улица
Пирогова;92000000000072800;Street;Улица
Полевая;92000000000125300;Street;Улица
Привольная;92000000000073000;Street;Улица
Пролетарская;92000000000073100;Street;Улица
Пушкина;92000000000073200;Street;Улица
Революции 1905 года;92000000000073300;Street;Улица
Рабочая;92000000000073400;Street;Улица
Сапунгорская;92000000000073700;Street;Улица
Склонная;92000000000074000;Street;Улица
Солдатская;92000000000074100;Street;Улица
Станюковича;92000000000074200;Street;Улица
Супруна;92000000000074400;Street;Улица
Трудовая;92000000000074700;Street;Улица
Уральская;92000000000074800;Street;Улица
Федюхина;92000000000074900;Street;Улица
Фрунзе;92000000000075000;Street;Улица
Херсонская;92000000000075100;Street;Улица
Цимлянская;92000000000075200;Street;Улица
Читинская;92000000000075400;Street;Улица
Штурвальная;92000000000075600;Street;Улица
1 Линия;92000000000076500;Street;Улица
1 Линия Бомбор;92000000000076600;Street;Улица
10-я Радарная;92000000000076900;Street;Улица
11-я Радарная;92000000000077000;Street;Улица
12-я Радарная;92000000000077100;Street;Улица
13-я Радарная;92000000000077200;Street;Улица
14-я Радарная;92000000000077300;Street;Улица
1-я Равелинная;92000000000078000;Street;Улица
1-я Радарная;92000000000078100;Street;Улица
1-я Сарандинаки;92000000000078200;Street;Улица
2 Линия;92000000000078400;Street;Улица
2-я линия Бомбор;92000000000078500;Street;Улица
2-й Обороны;92000000000079200;Street;Улица
2-я Равелинная;92000000000079500;Street;Улица
2-я Радарная;92000000000079600;Street;Улица
2-я Сарандинаки;92000000000079700;Street;Улица
3-я Равелинная;92000000000080500;Street;Улица
3-я Радарная;92000000000080600;Street;Улица
3-я Сарандинаки;92000000000080700;Street;Улица
4-я Равелинная;92000000000081100;Street;Улица
4-я Радарная;92000000000081200;Street;Улица
4-я Сарандинаки;92000000000081300;Street;Улица
5-я Равелинная;92000000000081800;Street;Улица
5-я Радарная;92000000000081900;Street;Улица
5-я Сарандинаки;92000000000082000;Street;Улица
6-я Равелинная;92000000000082200;Street;Улица
6-я Радарная;92000000000082300;Street;Улица
7-я Равелинная;92000000000082400;Street;Улица
7-я Радарная;92000000000082500;Street;Улица
8-я Радарная;92000000000082700;Street;Улица
9-я Радарная;92000000000082800;Street;Улица
Абонементные Ящики;92000000000082900;Street;Улица
Аграрная;92000000000083100;Street;Улица
Айландовая;92000000000083300;Street;Улица
Акъяр;92000000000083400;Street;Улица
Аргонавтов;92000000000083500;Street;Улица
Арктическая;92000000000083600;Street;Улица
Ахлестина Степана;92000000000083900;Street;Улица
Балашова;92000000000084200;Street;Улица
Балочная;92000000000084300;Street;Улица
Бассейная;92000000000084400;Street;Улица
Батарейная;92000000000084500;Street;Улица
Бедного Демьяна;92000000000084600;Street;Улица
Безымянная;92000000000084700;Street;Улица
Белоозерская;92000000000084900;Street;Улица
Береговая;92000000000085000;Street;Улица
Бертье-Делагарда;92000000000085100;Street;Улица
Бирюзовая;92000000000085200;Street;Улица
Бирюлева;92000000000085300;Street;Улица
Бобковой Людмилы;92000000000085500;Street;Улица
Богдановская;92000000000085600;Street;Улица
Большевистская;92000000000085700;Street;Улица
Ботаническая;92000000000085800;Street;Улица
Буденного;92000000000085900;Street;Улица
Буряка;92000000000086000;Street;Улица
Вавилова;92000000000086100;Street;Улица
Веселая;92000000000086300;Street;Улица
Вечерняя;92000000000086400;Street;Улица
Византийская;92000000000086500;Street;Улица
Вильямса;92000000000086600;Street;Улица
Винницкая;92000000000086700;Street;Улица
Вишневая;92000000000086900;Street;Улица
Водоканальная;92000000000087100;Street;Улица
Волкова Валерия;92000000000087300;Street;Улица
Волкова Космонавта;92000000000087400;Street;Улица
Воронина Матвея;92000000000087500;Street;Улица
Гамарника Яна;92000000000087700;Street;Улица
Гармаша Константина;92000000000087900;Street;Улица
Генерала Саймонова;92000000000088000;Street;Улица
Георгиевская;92000000000088100;Street;Улица
Гераклейская;92000000000088200;Street;Улица
Героев Подводников;92000000000088500;Street;Улица
Героев Революции;92000000000088600;Street;Улица
Гидроузел;92000000000088800;Street;Улица
Глазкова;92000000000088900;Street;Улица
Голубца Ивана;92000000000089000;Street;Улица
Горная;92000000000089100;Street;Улица
Греческая;92000000000089300;Street;Улица
Грибная;92000000000089400;Street;Улица
Дагжи;92000000000089700;Street;Улица
Данковская;92000000000090000;Street;Улица
Дарвина;92000000000090200;Street;Улица
Делагарда-Бертье;92000000000090300;Street;Улица
Демьяна Бедного;92000000000090500;Street;Улица
Дерюгиной Жени;92000000000090700;Street;Улица
Дзигунского Михаила;92000000000090800;Street;Улица
Добровольского;92000000000090900;Street;Улица
Докучаева;92000000000091000;Street;Улица
Долинная;92000000000091100;Street;Улица
Дорожная;92000000000091300;Street;Улица
Дубинина Володи;92000000000091600;Street;Улица
Дыбенко Павла;92000000000091700;Street;Улица
Екатерининская;92000000000091800;Street;Улица
Емиль-Мале;92000000000091900;Street;Улица
Ермака;92000000000092000;Street;Улица
Жасминная;92000000000092100;Street;Улица
Жукова Василия;92000000000092200;Street;Улица
Загорулько Дмитрия;92000000000092300;Street;Улица
Заря Свободы;92000000000092500;Street;Улица
Защитников 35 Батаре;92000000000092700;Street;Улица
Звездная;92000000000092800;Street;Улица
Зеленая;92000000000092900;Street;Улица
Иванова Якова;92000000000093200;Street;Улица
Изобильная;92000000000093300;Street;Улица
Ирисовая;92000000000093500;Street;Улица
Искристая;92000000000093600;Street;Улица
Каптажная;92000000000093800;Street;Улица
Кашубы Дорофея;92000000000094100;Street;Улица
Кесаева Астана;92000000000094200;Street;Улица
Кизиловая;92000000000094300;Street;Улица
Киммерийская;92000000000094400;Street;Улица
Клеверная;92000000000094600;Street;Улица
Кленовая;92000000000094700;Street;Улица
Ключевая;92000000000094900;Street;Улица
Кольская;92000000000095100;Street;Улица
Коминтерна;92000000000095300;Street;Улица
Комиссара Морозова;92000000000095400;Street;Улица
Кооперативная;92000000000095500;Street;Улица
Корчагина Павла;92000000000096000;Street;Улица
Косарева Александра;92000000000096100;Street;Улица
Космодемьянской Зои;92000000000096200;Street;Улица
Космонавта Добровольского;92000000000096300;Street;Улица
Космонавта Пацаева;92000000000096400;Street;Улица
Костычева;92000000000096500;Street;Улица
Кочиева;92000000000096700;Street;Улица
Кошевого Олега;92000000000096800;Street;Улица
Краевой Надежды;92000000000096900;Street;Улица
Крестьянская;92000000000097100;Street;Улица
Кронштадская;92000000000097400;Street;Улица
Куприна;92000000000097600;Street;Улица
Кучера Василия;92000000000097700;Street;Улица
Лазо Сергея;92000000000098100;Street;Улица
Лесхозная;92000000000098300;Street;Улица
Летчиков;92000000000098400;Street;Улица
Либкнехта Карла;92000000000098500;Street;Улица
Липовенко;92000000000098800;Street;Улица
Липранди;92000000000098900;Street;Улица
Лукомская;92000000000099100;Street;Улица
Лукомского;92000000000099300;Street;Улица
Лумумбы Патриса;92000000000099400;Street;Улица
Лунина Николая;92000000000099500;Street;Улица
Люксембург Розы;92000000000099800;Street;Улица
Магистральная;92000000000099900;Street;Улица
Малая;92000000000100200;Street;Улица
Малиновая;92000000000100300;Street;Улица
Маринеско Александра;92000000000100400;Street;Улица
Маршала Блюхера;92000000000100500;Street;Улица
Матросова Александра;92000000000100600;Street;Улица
Межгорская;92000000000100700;Street;Улица
Мекенз.Горы Лесничес;92000000000100900;Street;Улица
Мераба;92000000000101000;Street;Улица
Механизаторов;92000000000101100;Street;Улица
Миндальная;92000000000101300;Street;Улица
Митридатская;92000000000101500;Street;Улица
Михайлова Бориса;92000000000101600;Street;Улица
Мищенко;92000000000101700;Street;Улица
Монастырское Шоссе;92000000000101800;Street;Улица
Морозова Павлика;92000000000101900;Street;Улица
Морских Пехотинцев;92000000000102000;Street;Улица
Мостовая;92000000000102300;Street;Улица
Музыки Николая;92000000000102400;Street;Улица
Мурманская;92000000000102500;Street;Улица
Наклонная;92000000000102600;Street;Улица
Нефедова;92000000000102800;Street;Улица
Нечаева;92000000000102900;Street;Улица
Никитинская;92000000000103000;Street;Улица
Новая;92000000000103100;Street;Улица
Ноябрьская;92000000000103300;Street;Улица
Облепиховая;92000000000103500;Street;Улица
Овощная;92000000000103600;Street;Улица
Ольгинская;92000000000103800;Street;Улица
Ониловой Нины;92000000000104000;Street;Улица
Оношко Аллы;92000000000104100;Street;Улица
Орджоникидзе;92000000000104200;Street;Улица
Орта-Мале;92000000000104300;Street;Улица
Островского Николая;92000000000104400;Street;Улица
Островской Надежды;92000000000104500;Street;Улица
Павличенко Людмилы;92000000000104700;Street;Улица
Папоротниковая;92000000000104800;Street;Улица
Парковая;92000000000105000;Street;Улица
Парниковая;92000000000105100;Street;Улица
Парусная;92000000000105200;Street;Улица
Перевальная;92000000000105400;Street;Улица
Передовая;92000000000105500;Street;Улица
Перовской Софьи;92000000000105700;Street;Улица
Песочная;92000000000106000;Street;Улица
Петровой Галины;92000000000106200;Street;Улица
Петровского;92000000000106300;Street;Улица
Пищенко Коли;92000000000106400;Street;Улица
Поворотная;92000000000106700;Street;Улица
Подстанция;92000000000107000;Street;Улица
Поливановой Марии;92000000000107100;Street;Улица
Полярная;92000000000107400;Street;Улица
Портовиков;92000000000107500;Street;Улица
Потемкинцев;92000000000107600;Street;Улица
Прибрежная;92000000000107700;Street;Улица
Привокзальная;92000000000107900;Street;Улица
Пригородненская;92000000000108000;Street;Улица
Придорожная;92000000000108100;Street;Улица
Приятная;92000000000108400;Street;Улица
Прокопенко Галины;92000000000108500;Street;Улица
Просвещения;92000000000108600;Street;Улица
Пугачева;92000000000108800;Street;Улица
Пустовойтенко Мичман;92000000000108900;Street;Улица
Путейская;92000000000109000;Street;Улица
Радио;92000000000109500;Street;Улица
Речная;92000000000109900;Street;Улица
Родниковая;92000000000110100;Street;Улица
Ромашковая;92000000000110300;Street;Улица
Рубежная;92000000000110500;Street;Улица
Рубцова Герасима;92000000000110600;Street;Улица
Ручьевая;92000000000110700;Street;Улица
Саввы Николая;92000000000111400;Street;Улица
Садовая;92000000000111500;Street;Улица
Самотечная;92000000000111600;Street;Улица
Саперная;92000000000111700;Street;Улица
Сапун-Гора;92000000000111800;Street;Улица
Сельскохозяйственная;92000000000112400;Street;Улица
Сенная;92000000000112500;Street;Улица
Серебристая;92000000000112700;Street;Улица
Силаева Павла;92000000000112800;Street;Улица
Симонок;92000000000112900;Street;Улица
Ситникова Петра;92000000000113100;Street;Улица
Скифская;92000000000113200;Street;Улица
Славянская;92000000000113400;Street;Улица
Слепнева;92000000000113500;Street;Улица
Соколова;92000000000113700;Street;Улица
Спокойная;92000000000113800;Street;Улица
Ставропольская;92000000000114000;Street;Улица
Створная;92000000000114300;Street;Улица
Степовая;92000000000114400;Street;Улица
Сторожевая;92000000000114600;Street;Улица
Сумская;92000000000114800;Street;Улица
Таврическая Набережн;92000000000115200;Street;Улица
Тимирязева;92000000000115500;Street;Улица
Толстого Льва;92000000000115800;Street;Улица
Тоннельная;92000000000115900;Street;Улица
Туманная;92000000000116400;Street;Улица
Удотова;92000000000116600;Street;Улица
Ульянова Дмитрия;92000000000116800;Street;Улица
Усадебная;92000000000116900;Street;Улица
Успенского Глеба;92000000000117000;Street;Улица
Утренняя;92000000000117100;Street;Улица
Федоровская;92000000000117400;Street;Улица
Федько Ивана;92000000000117600;Street;Улица
Фермерская;92000000000117700;Street;Улица
Фруктовая;92000000000118000;Street;Улица
Халина Анатолия;92000000000118100;Street;Улица
Хмельницкого Богдана;92000000000118600;Street;Улица
Хрулева;92000000000118900;Street;Улица
Хрусталева;92000000000119000;Street;Улица
Хутор;92000000000119100;Street;Улица
Центральная;92000000000119300;Street;Улица
Шафрановая;92000000000119800;Street;Улица
Шевченко Игнатия;92000000000119900;Street;Улица
Шевченко Тараса;92000000000120000;Street;Улица
Шелкунова;92000000000120100;Street;Улица
Школьная;92000000000120200;Street;Улица
Шулинская;92000000000120600;Street;Улица
Энергетиков;92000000000120700;Street;Улица
Южногородская;92000000000120800;Street;Улица
Ясеневая;92000000000121100;Street;Улица
Родионова Генерала;92000000000121200;Street;Улица
Дальний Городок;92000000000121400;Street;Улица
Азарова Адмирала;92000000000121500;Street;Улица
Крейзера Генерала;92000000000121900;Street;Улица
Мираба;92000000000122000;Street;Улица
Морозова Комиссара;92000000000122100;Street;Улица
Владимирского Адм.;92000000000122200;Street;Улица
Северный Городок;92000000000122700;Street;Улица
Аргонавтов Ул.;92000000000123000;Street;Улица
Добровольского Косм;92000000000123100;Street;Улица
Пацаева Космонавта;92000000000123200;Street;Улица
Клокачев Адмирал;92000000000123300;Street;Улица
Генерала Мельника;92000000000123500;Street;Улица
Геловани Маршала;92000000000123900;Street;Улица
Коломийца Генерала;92000000000124000;Street;Улица
Жидилова Генерала;92000000000124200;Street;Улица
Западный берег Камышовой бухты;92000000000124500;Street;Улица
Севастопольская зона ЮБК;92000000000124600;Street;Улица
Леси Украинки;92000000000124800;Street;Улица
Отрадная;92000000000125000;Street;Улица
Приморский;92000000000015100;Street;Бульвар
Гидронавтов;92000000000020300;Street;Бульвар
Античный;92000000000030900;Street;Бульвар
Парижский;92000000000032200;Street;Бульвар
Декоративный;92000000000038400;Street;Бульвар
Исторический;92000000000041900;Street;Бульвар
Английский;92000000000042800;Street;Бульвар
Матросский;92000000000071600;Street;Бульвар
Гераклейский;92000000000088300;Street;Бульвар
Полуденный;92000000000107300;Street;Бульвар
Трактористов;92000000000116100;Street;Бульвар
Нахимова;92000000000009500;Street;Проспект
Победы;92000000000014000;Street;Проспект
Героев Сталинграда;92000000000019900;Street;Проспект
Октябрьской Революции;92000000000024300;Street;Проспект
Генерала Острякова;92000000000036900;Street;Проспект
Парковый;92000000000051100;Street;Проспект
Столетовский;92000000000064800;Street;Проспект
Античный;92000000000066700;Street;Проспект
Гагарина;92000000000087600;Street;Проспект
3-й Морской;92000000000000300;Street;Переулок
Геннериха;92000000000003200;Street;Переулок
Детский;92000000000006500;Street;Переулок
Цепной;92000000000007400;Street;Переулок
Мичманский;92000000000007900;Street;Переулок
Косогорный;92000000000008700;Street;Переулок
Профсоюзный;92000000000015400;Street;Переулок
Студенческий;92000000000017200;Street;Переулок
Восточный;92000000000017300;Street;Переулок
Водопроводный;92000000000017800;Street;Переулок
Физкультурный;92000000000021700;Street;Переулок
Коммунальный;92000000000025600;Street;Переулок
Коммунаров;92000000000026900;Street;Переулок
Краснодарский;92000000000027400;Street;Переулок
4-й Морской;92000000000029200;Street;Переулок
Мореходный;92000000000029700;Street;Переулок
Сквозной;92000000000030200;Street;Переулок
Олонецкий;92000000000031200;Street;Переулок
Бутакова;92000000000033100;Street;Переулок
Рудничный;92000000000035100;Street;Переулок
Компасный;92000000000043000;Street;Переулок
Крепостной;92000000000044100;Street;Переулок
Школьный;92000000000044400;Street;Переулок
Кременчугский;92000000000044500;Street;Переулок
Язоновский;92000000000045100;Street;Переулок
Матросский;92000000000051200;Street;Переулок
Панорамный;92000000000054500;Street;Переулок
Прибойный;92000000000056000;Street;Переулок
Рыбный;92000000000057200;Street;Переулок
Фонтанный;92000000000058700;Street;Переулок
Прудовой;92000000000059200;Street;Переулок
Челябинский;92000000000061900;Street;Переулок
Макаренко;92000000000063200;Street;Переулок
Ясный;92000000000066200;Street;Переулок
1-й Морской;92000000000066800;Street;Переулок
Арабатский;92000000000067500;Street;Переулок
Жерве;92000000000069500;Street;Переулок
Клубный;92000000000070100;Street;Переулок
Панфилова;92000000000072600;Street;Переулок
Сейнерский;92000000000073800;Street;Переулок
Галицкий;92000000000074500;Street;Переулок
Токарева;92000000000074600;Street;Переулок
Юферова;92000000000075700;Street;Переулок
Яличный;92000000000075800;Street;Переулок
Калюжного;92000000000075900;Street;Переулок
1-й Равелинный;92000000000077800;Street;Переулок
1-й Радарный;92000000000077900;Street;Переулок
2 Морской;92000000000078600;Street;Переулок
2-й Равелинный;92000000000079300;Street;Переулок
2-й Радарный;92000000000079400;Street;Переулок
3-й Равелинный;92000000000080300;Street;Переулок
3-й Радарный;92000000000080400;Street;Переулок
Адмиральский;92000000000083200;Street;Переулок
Арктический;92000000000083700;Street;Переулок
Аэродромный;92000000000084100;Street;Переулок
Благодатный;92000000000085400;Street;Переулок
Водосточный;92000000000087200;Street;Переулок
Горный;92000000000089200;Street;Переулок
Залесный;92000000000092400;Street;Переулок
Зеленый;92000000000093000;Street;Переулок
Инженерный;92000000000093400;Street;Переулок
Камышовый;92000000000093700;Street;Переулок
Кирпичный;92000000000094500;Street;Переулок
Ключевой;92000000000095000;Street;Переулок
Коминтерна;92000000000095200;Street;Переулок
Кооперативный;92000000000095600;Street;Переулок
Коробейников;92000000000095800;Street;Переулок
Кривой;92000000000097200;Street;Переулок
Кузнечный;92000000000097500;Street;Переулок
Магистральный;92000000000100000;Street;Переулок
Междурядный;92000000000100800;Street;Переулок
Морской;92000000000102100;Street;Переулок
Нарядный;92000000000102700;Street;Переулок
Новый;92000000000103200;Street;Переулок
Ноябрьский;92000000000103400;Street;Переулок
Оздоровительный;92000000000103700;Street;Переулок
Перекомский;92000000000105600;Street;Переулок
Песенный;92000000000105800;Street;Переулок
Петровой Галины;92000000000106100;Street;Переулок
Поворотный;92000000000106800;Street;Переулок
Пугачева;92000000000108700;Street;Переулок
Пушкарский;92000000000109100;Street;Переулок
Рабочий;92000000000109400;Street;Переулок
Разъездный;92000000000109700;Street;Переулок
Реверсный;92000000000109800;Street;Переулок
Речной;92000000000110000;Street;Переулок
Родниковый;92000000000110200;Street;Переулок
Сарандинаки;92000000000111900;Street;Переулок
Сенной;92000000000112600;Street;Переулок
Слободский;92000000000113600;Street;Переулок
Ставковый;92000000000113900;Street;Переулок
Таманский;92000000000115300;Street;Переулок
Тихий;92000000000115600;Street;Переулок
Тростниковый;92000000000116300;Street;Переулок
Узкий;92000000000116700;Street;Переулок
Ученический;92000000000117200;Street;Переулок
Хризантем;92000000000118800;Street;Переулок
Штормовой;92000000000120300;Street;Переулок
Южногородский;92000000000120900;Street;Переулок
Балаклавское;92000000000017400;Street;Шоссе
Камышовое;92000000000050200;Street;Шоссе
Фиолентовское;92000000000058400;Street;Шоссе
Городское;92000000000076100;Street;Шоссе
Казачинское;92000000000076300;Street;Шоссе
Авангардное;92000000000083000;Street;Шоссе
Аэродромное;92000000000084000;Street;Шоссе
Качинское;92000000000094000;Street;Шоссе
Крепостное;92000000000097000;Street;Шоссе
Лабораторное;92000000000097800;Street;Шоссе
Каспийский;92000000000005500;Street;Проезд
Квартальный;92000000000005600;Street;Проезд
Каменистый;92000000000007600;Street;Проезд
Мачтовый;92000000000008400;Street;Проезд
Курский;92000000000009600;Street;Проезд
Троицкий;92000000000020900;Street;Проезд
Колобова;92000000000025400;Street;Проезд
Углицкий;92000000000026200;Street;Проезд
Леси Украинки;92000000000027900;Street;Проезд
Пластунский;92000000000032900;Street;Проезд
Бастионный;92000000000034800;Street;Проезд
Стрелковый;92000000000037400;Street;Проезд
Кипарисовый;92000000000042100;Street;Проезд
Адмирала Грейга;92000000000042200;Street;Проезд
Артиллеристов;92000000000049200;Street;Проезд
Токарева;92000000000049600;Street;Проезд
Готский;92000000000050400;Street;Проезд
Скалистый;92000000000058800;Street;Проезд
Стрелецкий;92000000000059500;Street;Проезд
Невский;92000000000060000;Street;Проезд
Фрегатный;92000000000061000;Street;Проезд
Кизилова;92000000000063400;Street;Проезд
Короленко;92000000000066300;Street;Проезд
Коробкова;92000000000070400;Street;Проезд
Средний;92000000000073900;Street;Проезд
Лобанова;92000000000076000;Street;Проезд
Белкина;92000000000084800;Street;Проезд
Вербеновый;92000000000086200;Street;Проезд
Героев Подводников;92000000000088400;Street;Проезд
Данковский;92000000000090100;Street;Проезд
Иванова Якова;92000000000093100;Street;Проезд
Лавандовый;92000000000097900;Street;Проезд
Полоцкий;92000000000107200;Street;Проезд
Пятницкий;92000000000109200;Street;Проезд
Святославский;92000000000112100;Street;Проезд
Сиреневый;92000000000113000;Street;Проезд
Страбонов;92000000000114700;Street;Проезд
Сумской;92000000000114900;Street;Проезд
Товарный;92000000000115700;Street;Проезд
Федоровский;92000000000117500;Street;Проезд
Херсонский;92000000000118500;Street;Проезд
Хуторской;92000000000119200;Street;Проезд
Индустриальный;92000000000125100;Street;Проезд
Ялтинское;92000000000066600;Street;Кольцо
Вагонный;92000000000001800;Street;Тупик
Сливовый;92000000000016100;Street;Тупик
Обрывистый;92000000000032700;Street;Тупик
Бакинский;92000000000034500;Street;Тупик
Каспийский;92000000000045800;Street;Тупик
Подгорный;92000000000048000;Street;Тупик
Каманина;92000000000064000;Street;Тупик
Неровный;92000000000072100;Street;Тупик
Качинский;92000000000093900;Street;Тупик
Корабельный;92000000000095700;Street;Тупик
Короткий;92000000000095900;Street;Тупик
Поворотный;92000000000106900;Street;Тупик
Ромашковый;92000000000110400;Street;Тупик
Северный;92000000000112300;Street;Тупик
Штурмовой;92000000000120500;Street;Тупик
Федоровский;92000000000124700;Street;Тупик
Горпищенко;92000000000124900;Street;Тупик
Нахимова;92000000000000200;Street;Площадь
Ластовая;92000000000009900;Street;Площадь
50-летия СССР;92000000000013800;Street;Площадь
Якорная;92000000000022300;Street;Площадь
Пирогова;92000000000023400;Street;Площадь
Лазарева;92000000000027600;Street;Площадь
1 Мая;92000000000031300;Street;Площадь
Ушакова;92000000000039500;Street;Площадь
Восставших;92000000000052700;Street;Площадь
Пластунская;92000000000061400;Street;Площадь
300-летия Российского Флота;92000000000076200;Street;Площадь
Захарова;92000000000092600;Street;Площадь
Кролевецкого;92000000000097300;Street;Площадь
Привокзальная;92000000000107800;Street;Площадь
Свято-Никольская;92000000000112000;Street;Площадь
Астапова;92000000000051700;Street;Аллея
Линейный 15;92000000000098600;Street;Километр
Линейный 54;92000000000098700;Street;Километр
Достоевского;92000000000023300;Street;Набережная
Корнилова;92000000000043400;Street;Набережная
Клокачева Набережная;92000000000094800;Street;Набережная
Парк Победы;92000000000104900;Street;Набережная
Пляж Учкуевка;92000000000106600;Street;Набережная
Рыбпорта;92000000000110900;Street;Набережная
Старосеверная;92000000000114100;Street;Набережная
Сторожевая;92000000000114500;Street;Набережная
Адмирала Перелешина;92000000000124400;Street;Набережная
Героев Революции 1905;92000000000088700;Street;Сквер
Героев Револ. 1905;92000000000121300;Street;Сквер
Степана Разина;92000000000001500;Street;Спуск
Госпитальный;92000000000003600;Street;Спуск
Сильникова;92000000000016600;Street;Спуск
Шестакова;92000000000047400;Street;Спуск
Петровский;92000000000055200;Street;Спуск
Троллейбусный;92000000000065100;Street;Спуск
Водопьянова;92000000000068300;Street;Спуск
Стрелецкий;92000000000074300;Street;Спуск
Красный;92000000000075300;Street;Спуск
Лазаревский;92000000000098000;Street;Спуск
1520-й километр;92000000000077400;Street;Платформа
1521-й километр;92000000000077500;Street;Платформа
1524-й километр;92000000000077600;Street;Платформа
Мост 1518 км;92000000000102200;Street;Платформа
Платформа;92000000000106500;Street;Платформа
Дальний;92000000000089800;Street;Городок
Северный;92000000000112200;Street;Городок
3 Гидроузел;92000000000079900;Street;Поселок
Водоканал;92000000000087000;Street;Поселок
Дальний;92000000000089900;Street;Поселок
Дергачи;92000000000090600;Street;Поселок
Любимовка;92000000000099600;Street;Поселок
Рыбацкий;92000000000110800;Street;Поселок
Учкуевка;92000000000117300;Street;Поселок
Первомайский;92000000000105300;Street;Разъезд
Хмельницкое;92000000000118700;Street;Село
Черноречье;92000000000119700;Street;Село
Штурмовое;92000000000120400;Street;Село
1 Отделение;92000000000076800;Street;Территория
16 Электроподстанция;92000000000077700;Street;Территория
2 Отделение;92000000000078700;Street;Территория
2 Электроподстанция;92000000000078800;Street;Территория
20 Подстанция;92000000000078900;Street;Территория
2-й Лесной Кордон;92000000000079100;Street;Территория
3 Подстанция;92000000000080100;Street;Территория
4 Отделение;92000000000081000;Street;Территория
5 км;92000000000081500;Street;Территория
5 Отделение;92000000000081600;Street;Территория
8 Подстанция;92000000000082600;Street;Территория
Вир Им Вавилова;92000000000086800;Street;Территория
Гараж Омега;92000000000087800;Street;Территория
Грэс-2;92000000000089500;Street;Территория
Грэс-4;92000000000089600;Street;Территория
Дом Водоканала;92000000000091200;Street;Территория
Дос-Любимовка;92000000000091400;Street;Территория
Коттедж;92000000000096600;Street;Территория
Лесничество;92000000000098200;Street;Территория
Локомотивное Депо;92000000000099000;Street;Территория
Причал 75;92000000000108200;Street;Территория
Причал Рыбацкий N45;92000000000108300;Street;Территория
С/Х Декоративной.Культуры;92000000000111000;Street;Территория
С/Х Золотая Балка;92000000000111100;Street;Территория
С/Х Севастопольский;92000000000111200;Street;Территория
С/Х Софьи Перовской;92000000000111300;Street;Территория
Склад Тверд.Топл.Кчф;92000000000113300;Street;Территория
Угольный Склад;92000000000116500;Street;Территория
Фиолент;92000000000117800;Street;Территория
Фиолентовский Мыс;92000000000117900;Street;Территория
Херсонеский Заповедник;92000000000118300;Street;Территория
Херсонеский Музей;92000000000118400;Street;Территория
Центральная Усадьба;92000000000119400;Street;Территория
Причал Рыбацкий N 45;92000000000123600;Street;Территория
Вир Им. Вавилова;92000000000124300;Street;Территория
Лукомский;92000000000099200;Street;Хутор
Любимовские Хутора;92000000000099700;Street;Хутор
Отрадный;92000000000104600;Street;Хутор
Пятницкого;92000000000109300;Street;Хутор
Любимовские;92000000000122600;Street;Хутор
26;92000000000079000;Street;Абонентский ящик
Абон Ящик 26;92000000000122500;Street;Абонентский ящик
Максимова Дача;92000000000100100;Street;Местность
Торопова Дача;92000000000116000;Street;Местность
Делегардовая;92000000000090400;Street;Балка
Сухарная;92000000000115000;Street;Балка
Троицкая;92000000000116200;Street;Балка
Юхарина;92000000000121000;Street;Балка
Омега;92000000000103900;Street;Бухта
Песочная;92000000000105900;Street;Бухта
Херсонеский;92000000000118200;Street;Маяк
Сухарный;92000000000115100;Street;Тоннель
